,Rank,Name,Thumbnail URL,Store Link,Price,Current Players,Peak Today,Genre Tags,Price Category,Genre Tag List
0,1,Counter-Strike 2,https://shared.cloudflare.steamstatic.com//store_item_assets/steam/apps/730/capsule_231x87.jpg?t=1729703045,https://store.steampowered.com/app/730/CounterStrike_2?snr=1_7001_7005__7003,,1485535,1489929,"FPS, Shooter, Multiplayer, Competitive, Action, Team-Based, eSports, Tactical, First-Person, PvP, Online Co-Op, Co-op, Strategy, Military, War, Difficult, Trading, Realistic, Fast-Paced, Moddable, +",Free,"['FPS', 'Shooter', 'Multiplayer', 'Competitive', 'Action', 'Team-Based', 'eSports', 'Tactical', 'First-Person', 'PvP', 'Online Co-Op', 'Co-op', 'Strategy', 'Military', 'War', 'Difficult', 'Trading', 'Realistic', 'Fast-Paced', 'Moddable', '+']"
1,2,PUBG: BATTLEGROUNDS,https://shared.cloudflare.steamstatic.com//store_item_assets/steam/apps/578080/72361ae79b439e83e17445e5d9ab3fab7aba8a60/capsule_231x87.jpg?t=1736389084,https://store.steampowered.com/app/578080/PUBG_BATTLEGROUNDS?snr=1_7001_7005__7003,,765150,765150,"Survival, Shooter, Battle Royale, Multiplayer, FPS, PvP, Third-Person Shooter, Action, Online Co-Op, Tactical, Co-op, First-Person, Strategy, Early Access, Competitive, Third Person, Team-Based, Difficult, Simulation, Stealth, +",Free,"['Survival', 'Shooter', 'Battle Royale', 'Multiplayer', 'FPS', 'PvP', 'Third-Person Shooter', 'Action', 'Online Co-Op', 'Tactical', 'Co-op', 'First-Person', 'Strategy', 'Early Access', 'Competitive', 'Third Person', 'Team-Based', 'Difficult', 'Simulation', 'Stealth', '+']"
2,3,Dota 2,https://shared.cloudflare.steamstatic.com//store_item_assets/steam/apps/570/capsule_231x87.jpg?t=1731544174,https://store.steampowered.com/app/570/Dota_2?snr=1_7001_7005__7003,,698757,715295,"Free to Play, MOBA, Multiplayer, Strategy, eSports, Team-Based, Competitive, Action, Online Co-Op, PvP, Difficult, Co-op, RTS, RPG, Tower Defense, Fantasy, Character Customization, Replay Value, Action RPG, Simulation, +",Free,"['Free to Play', 'MOBA', 'Multiplayer', 'Strategy', 'eSports', 'Team-Based', 'Competitive', 'Action', 'Online Co-Op', 'PvP', 'Difficult', 'Co-op', 'RTS', 'RPG', 'Tower Defense', 'Fantasy', 'Character Customization', 'Replay Value', 'Action RPG', 'Simulation', '+']"
3,4,Marvel Rivals,https://shared.cloudflare.steamstatic.com//store_item_assets/steam/apps/2767030/c984653538cfda1d1b195bd396b58936c2c65ae7/capsule_231x87.jpg?t=1736492430,https://store.steampowered.com/app/2767030/Marvel_Rivals?snr=1_7001_7005__7003,,312427,565653,"Free to Play, Multiplayer, Hero Shooter, Third-Person Shooter, Superhero, Action, PvP, Team-Based, Competitive, Shooter, Strategy, 3D, Co-op, Online Co-Op, Sci-fi, Third Person, MOBA, FPS, Sexual Content, Cyberpunk, +",Free,"['Free to Play', 'Multiplayer', 'Hero Shooter', 'Third-Person Shooter', 'Superhero', 'Action', 'PvP', 'Team-Based', 'Competitive', 'Shooter', 'Strategy', '3D', 'Co-op', 'Online Co-Op', 'Sci-fi', 'Third Person', 'MOBA', 'FPS', 'Sexual Content', 'Cyberpunk', '+']"
4,5,Path of Exile 2,https://shared.cloudflare.steamstatic.com//store_item_assets/steam/apps/2694490/capsule_231x87.jpg?t=1736126604,https://store.steampowered.com/app/2694490/Path_of_Exile_2?snr=1_7001_7005__7003,23.93,258475,288757,"Action RPG, Hack and Slash, RPG, Action, Souls-like, Dark Fantasy, Loot, Isometric, Dungeon Crawler, Adventure, MMORPG, Multiplayer, Free to Play, Online Co-Op, Crafting, Character Customization, Horror, Inventory Management, Early Access, Dark, +",Paid,"['Action RPG', 'Hack and Slash', 'RPG', 'Action', 'Souls-like', 'Dark Fantasy', 'Loot', 'Isometric', 'Dungeon Crawler', 'Adventure', 'MMORPG', 'Multiplayer', 'Free to Play', 'Online Co-Op', 'Crafting', 'Character Customization', 'Horror', 'Inventory Management', 'Early Access', 'Dark', '+']"
5,6,Grand Theft Auto V,https://shared.cloudflare.steamstatic.com//store_item_assets/steam/apps/271590/capsule_231x87.jpg?t=1734720459,https://store.steampowered.com/app/271590/Grand_Theft_Auto_V?snr=1_7001_7005__7003,14.8,207117,207117,"Open World, Action, Multiplayer, Crime, Mature",Paid,"['Open World', 'Action', 'Multiplayer', 'Crime', 'Mature']"
6,7,NARAKA: BLADEPOINT,https://shared.cloudflare.steamstatic.com//store_item_assets/steam/apps/1203220/e64081c6f6641cffa11df07fa391340d474f35a1/capsule_231x87.jpg?t=1736483891,https://store.steampowered.com/app/1203220/NARAKA_BLADEPOINT?snr=1_7001_7005__7003,,201876,208643,"Battle Royale, Multiplayer, Martial Arts, PvP, Action, Female Protagonist, Character Customization, Massively Multiplayer, Fighting, Mature, Survival, Third Person, Swordplay, Hack and Slash, Anime, Parkour, Adventure, Free to Play, Violent, Gore, +",Free,"['Battle Royale', 'Multiplayer', 'Martial Arts', 'PvP', 'Action', 'Female Protagonist', 'Character Customization', 'Massively Multiplayer', 'Fighting', 'Mature', 'Survival', 'Third Person', 'Swordplay', 'Hack and Slash', 'Anime', 'Parkour', 'Adventure', 'Free to Play', 'Violent', 'Gore', '+']"
7,8,Rust,https://shared.cloudflare.steamstatic.com//store_item_assets/steam/apps/252490/21aac0b6e20e1ba12f635e7deb730e32a51afbd5/capsule_231x87.jpg?t=1736449001,https://store.steampowered.com/app/252490/Rust?snr=1_7001_7005__7003,34.99,168002,205358,"Survival, Crafting, Multiplayer, Open World, Open World Survival Craft, Building, PvP, Sandbox, Adventure, First-Person, Action, Nudity, FPS, Shooter, Co-op, Online Co-Op, Indie, Post-apocalyptic, Early Access, Simulation, +",Paid,"['Survival', 'Crafting', 'Multiplayer', 'Open World', 'Open World Survival Craft', 'Building', 'PvP', 'Sandbox', 'Adventure', 'First-Person', 'Action', 'Nudity', 'FPS', 'Shooter', 'Co-op', 'Online Co-Op', 'Indie', 'Post-apocalyptic', 'Early Access', 'Simulation', '+']"
8,9,Palworld,https://shared.cloudflare.steamstatic.com//store_item_assets/steam/apps/1623730/4f823e476ad290ad4f19763e7d800723df422dfa/capsule_231x87.jpg?t=1735302362,https://store.steampowered.com/app/1623730/Palworld?snr=1_7001_7005__7003,24.99,165613,165613,"Open World, Survival, Creature Collector, Multiplayer, Open World Survival Craft, Crafting, Co-op, Adventure, Sandbox, Third-Person Shooter, Automation, Action, RPG, Early Access, Anime, PvE, 3D, Indie, Looter Shooter, Hack and Slash, +",Paid,"['Open World', 'Survival', 'Creature Collector', 'Multiplayer', 'Open World Survival Craft', 'Crafting', 'Co-op', 'Adventure', 'Sandbox', 'Third-Person Shooter', 'Automation', 'Action', 'RPG', 'Early Access', 'Anime', 'PvE', '3D', 'Indie', 'Looter Shooter', 'Hack and Slash', '+']"
9,10,Apex Legends™,https://shared.cloudflare.steamstatic.com//store_item_assets/steam/apps/1172470/8249072b14153cdb6bb65e2357f24d86daf7d965/capsule_231x87.jpg?t=1734541502,https://store.steampowered.com/app/1172470/Apex_Legends?snr=1_7001_7005__7003,,150754,151447,"Free to Play, Battle Royale, Multiplayer, FPS, Shooter, First-Person, PvP, Action, Hero Shooter, Team-Based, Tactical, Sci-fi, Survival, Loot, Character Customization, Co-op, Funny, Lore-Rich, Cyberpunk, Cinematic, +",Free,"['Free to Play', 'Battle Royale', 'Multiplayer', 'FPS', 'Shooter', 'First-Person', 'PvP', 'Action', 'Hero Shooter', 'Team-Based', 'Tactical', 'Sci-fi', 'Survival', 'Loot', 'Character Customization', 'Co-op', 'Funny', 'Lore-Rich', 'Cyberpunk', 'Cinematic', '+']"
10,11,Wallpaper Engine,https://shared.cloudflare.steamstatic.com//store_item_assets/steam/apps/431960/capsule_231x87.jpg?t=1733409718,https://store.steampowered.com/app/431960/Wallpaper_Engine?snr=1_7001_7005__7003,4.29,142322,144523,"Mature, Utilities, Anime, Software, Design & Illustration, Animation & Modeling, NSFW, First-Person, Indie, Memes, Cute, Action, Singleplayer, Funny, Early Access, Photo Editing, Sandbox, Horror, Game Development, Gaming, +",Paid,"['Mature', 'Utilities', 'Anime', 'Software', 'Design & Illustration', 'Animation & Modeling', 'NSFW', 'First-Person', 'Indie', 'Memes', 'Cute', 'Action', 'Singleplayer', 'Funny', 'Early Access', 'Photo Editing', 'Sandbox', 'Horror', 'Game Development', 'Gaming', '+']"
11,12,Stardew Valley,https://shared.cloudflare.steamstatic.com//store_item_assets/steam/apps/413150/capsule_231x87.jpg?t=1711128146,https://store.steampowered.com/app/413150/Stardew_Valley?snr=1_7001_7005__7003,10.99,117949,119555,"Farming Sim, Pixel Graphics, Life Sim, Multiplayer, RPG, Relaxing, Agriculture, Simulation, Crafting, Sandbox, Indie, Building, Singleplayer, Casual, Open World, 2D, Cute, Dating Sim, Great Soundtrack, Fishing, +",Paid,"['Farming Sim', 'Pixel Graphics', 'Life Sim', 'Multiplayer', 'RPG', 'Relaxing', 'Agriculture', 'Simulation', 'Crafting', 'Sandbox', 'Indie', 'Building', 'Singleplayer', 'Casual', 'Open World', '2D', 'Cute', 'Dating Sim', 'Great Soundtrack', 'Fishing', '+']"
12,13,Delta Force,https://shared.cloudflare.steamstatic.com//store_item_assets/steam/apps/2507950/6cb4a0ecd768df3556fb9e3a7025ca4765a8f9e3/capsule_231x87.jpg?t=1736151310,https://store.steampowered.com/app/2507950/Delta_Force?snr=1_7001_7005__7003,,111888,111888,"Free to Play, FPS, Multiplayer, Extraction Shooter, Shooter, Singleplayer, Massively Multiplayer, Military, Action, Tactical, Online Co-Op, PvP, Survival, War, Looter Shooter, Co-op, 3D, Open World, Adventure, Action-Adventure, +",Free,"['Free to Play', 'FPS', 'Multiplayer', 'Extraction Shooter', 'Shooter', 'Singleplayer', 'Massively Multiplayer', 'Military', 'Action', 'Tactical', 'Online Co-Op', 'PvP', 'Survival', 'War', 'Looter Shooter', 'Co-op', '3D', 'Open World', 'Adventure', 'Action-Adventure', '+']"
13,14,War Thunder,https://shared.cloudflare.steamstatic.com//store_item_assets/steam/apps/236390/7ccd42d6e2be24017f20c19f1f940f6a32a2573f/capsule_231x87.jpg?t=1735214556,https://store.steampowered.com/app/236390/War_Thunder?snr=1_7001_7005__7003,,93436,95217,"Free to Play, Simulation, Vehicular Combat, Combat, World War II, VR, Flight, War, Military, Tanks, Naval Combat, Multiplayer, Modern, Massively Multiplayer, Cold War, Shooter, Action, Realistic, Third Person, Third-Person Shooter, +",Free,"['Free to Play', 'Simulation', 'Vehicular Combat', 'Combat', 'World War II', 'VR', 'Flight', 'War', 'Military', 'Tanks', 'Naval Combat', 'Multiplayer', 'Modern', 'Massively Multiplayer', 'Cold War', 'Shooter', 'Action', 'Realistic', 'Third Person', 'Third-Person Shooter', '+']"
14,15,Baldur's Gate 3,https://shared.cloudflare.steamstatic.com//store_item_assets/steam/apps/1086940/capsule_231x87.jpg?t=1725654125,https://store.steampowered.com/app/1086940/Baldurs_Gate_3?snr=1_7001_7005__7003,49.99,84290,108839,"RPG, Character Customisation. Choices Matter",Paid,"['RPG', 'Character Customisation. Choices Matter']"
15,16,Football Manager 2024,https://shared.cloudflare.steamstatic.com//store_item_assets/steam/apps/2252570/capsule_231x87.jpg?t=1702984758,https://store.steampowered.com/app/2252570/Football_Manager_2024?snr=1_7001_7005__7003,17.99,75905,76937,"Simulation, Sports, Strategy, Management, Football (Soccer), Multiplayer, Economy, eSports, Real Time Tactics, Singleplayer, 3D, Text-Based, 2D, +",Paid,"['Simulation', 'Sports', 'Strategy', 'Management', 'Football (Soccer)', 'Multiplayer', 'Economy', 'eSports', 'Real Time Tactics', 'Singleplayer', '3D', 'Text-Based', '2D', '+']"
16,17,ELDEN RING,https://shared.cloudflare.steamstatic.com//store_item_assets/steam/apps/1245620/capsule_231x87.jpg?t=1726158298,https://store.steampowered.com/app/1245620/ELDEN_RING?snr=1_7001_7005__7003,49.99,73754,75579,"Souls-like, Open World, Dark Fantasy, RPG",Paid,"['Souls-like', 'Open World', 'Dark Fantasy', 'RPG']"
17,18,Warframe,https://shared.cloudflare.steamstatic.com//store_item_assets/steam/apps/230410/8d788a31ea9c89b00bc031d8526f6ad55b6f3e30/capsule_231x87.jpg?t=1736289365,https://store.steampowered.com/app/230410/Warframe?snr=1_7001_7005__7003,,72778,74364,"Free to Play, Action RPG, Looter Shooter, Action",Free,"['Free to Play', 'Action RPG', 'Looter Shooter', 'Action']"
18,19,Sid Meier’s Civilization® VI,https://shared.cloudflare.steamstatic.com//store_item_assets/steam/apps/289070/capsule_231x87.jpg?t=1733332228,https://store.steampowered.com/app/289070/Sid_Meiers_Civilization_VI?snr=1_7001_7005__7003,49.99,71697,74651,"Strategy, Turn-Based Strategy, Multiplayer, Historical, Singleplayer, Grand Strategy, Turn-Based, 4X, War, Simulation, City Builder, Tactical, Management, Building, Great Soundtrack, Online Co-Op, Moddable, Co-op, Hex Grid, Atmospheric, +",Paid,"['Strategy', 'Turn-Based Strategy', 'Multiplayer', 'Historical', 'Singleplayer', 'Grand Strategy', 'Turn-Based', '4X', 'War', 'Simulation', 'City Builder', 'Tactical', 'Management', 'Building', 'Great Soundtrack', 'Online Co-Op', 'Moddable', 'Co-op', 'Hex Grid', 'Atmospheric', '+']"
19,20,Tom Clancy's Rainbow Six® Siege,https://shared.cloudflare.steamstatic.com//store_item_assets/steam/apps/359550/capsule_231x87.jpg?t=1733419428,https://store.steampowered.com/app/359550/Tom_Clancys_Rainbow_Six_Siege?snr=1_7001_7005__7003,17.99,71468,81646,"FPS, PvP, eSports, Multiplayer, Shooter, Tactical, Competitive, Online Co-Op, Action, Hero Shooter, Team-Based, Military, Strategy, First-Person, Co-op, War, Realistic, Destruction, Difficult, 3D, +",Paid,"['FPS', 'PvP', 'eSports', 'Multiplayer', 'Shooter', 'Tactical', 'Competitive', 'Online Co-Op', 'Action', 'Hero Shooter', 'Team-Based', 'Military', 'Strategy', 'First-Person', 'Co-op', 'War', 'Realistic', 'Destruction', 'Difficult', '3D', '+']"
20,21,EA SPORTS FC™ 25,https://shared.cloudflare.steamstatic.com//store_item_assets/steam/apps/2669320/capsule_231x87.jpg?t=1733419911,https://store.steampowered.com/app/2669320/EA_SPORTS_FC_25?snr=1_7001_7005__7003,36.0,69762,76470,"Sports, Simulation, Football (Soccer), Controller, Multiplayer, eSports, Competitive, Local Co-Op, Family Friendly, Local Multiplayer, Online Co-Op, Singleplayer, Modern, PvP, Realistic, Co-op, Soundtrack, Split Screen, Free to Play, +",Paid,"['Sports', 'Simulation', 'Football (Soccer)', 'Controller', 'Multiplayer', 'eSports', 'Competitive', 'Local Co-Op', 'Family Friendly', 'Local Multiplayer', 'Online Co-Op', 'Singleplayer', 'Modern', 'PvP', 'Realistic', 'Co-op', 'Soundtrack', 'Split Screen', 'Free to Play', '+']"
21,22,Black Myth: Wukong,https://shared.cloudflare.steamstatic.com//store_item_assets/steam/apps/2358720/b7f722ddd5e23503f598586aa3700dd4d827bb2d/capsule_231x87.jpg?t=1736335042,https://store.steampowered.com/app/2358720/Black_Myth_Wukong?snr=1_7001_7005__7003,49.99,67999,72614,"Mythology, Action RPG, Action, Souls-like, 3D",Paid,"['Mythology', 'Action RPG', 'Action', 'Souls-like', '3D']"
22,23,Banana,https://shared.cloudflare.steamstatic.com//store_item_assets/steam/apps/2923300/capsule_231x87.jpg?t=1733415828,https://store.steampowered.com/app/2923300/Banana?snr=1_7001_7005__7003,,67467,101034,"Free to Play, Clicker, Singleplayer, 2D, Casual, Family Friendly, Idler, Funny, Simulation, Colorful, Arcade, Dating Sim, Pixel Graphics, Hidden Object, Fantasy, Mystery, First-Person, Crafting, Anime, Open World, +",Free,"['Free to Play', 'Clicker', 'Singleplayer', '2D', 'Casual', 'Family Friendly', 'Idler', 'Funny', 'Simulation', 'Colorful', 'Arcade', 'Dating Sim', 'Pixel Graphics', 'Hidden Object', 'Fantasy', 'Mystery', 'First-Person', 'Crafting', 'Anime', 'Open World', '+']"
23,24,Call of Duty®,https://shared.cloudflare.steamstatic.com//store_item_assets/steam/apps/1938090/capsule_231x87.jpg?t=1736274368,https://store.steampowered.com/app/1938090/Call_of_Duty?snr=1_7001_7005__7003,,66028,92839,"FPS, Multiplayer, Shooter, Singleplayer, Action",Free,"['FPS', 'Multiplayer', 'Shooter', 'Singleplayer', 'Action']"
24,25,Hearts of Iron IV,https://shared.cloudflare.steamstatic.com//store_item_assets/steam/apps/394360/capsule_231x87.jpg?t=1735836462,https://store.steampowered.com/app/394360/Hearts_of_Iron_IV?snr=1_7001_7005__7003,41.99,61209,65512,"Strategy, World War II, Grand Strategy, War, Historical, Military, Alternate History, Multiplayer, Simulation, Tactical, Real-Time with Pause, Singleplayer, RTS, Diplomacy, Sandbox, Co-op, Strategy RPG, Competitive, Open World, Action, +",Paid,"['Strategy', 'World War II', 'Grand Strategy', 'War', 'Historical', 'Military', 'Alternate History', 'Multiplayer', 'Simulation', 'Tactical', 'Real-Time with Pause', 'Singleplayer', 'RTS', 'Diplomacy', 'Sandbox', 'Co-op', 'Strategy RPG', 'Competitive', 'Open World', 'Action', '+']"
25,26,Crosshair X,https://shared.cloudflare.steamstatic.com//store_item_assets/steam/apps/1366800/4277cf8d44914febc9eb3c23d2bc678837457eed/capsule_231x87_alt_assets_0.jpg?t=1734527614,https://store.steampowered.com/app/1366800/Crosshair_X?snr=1_7001_7005__7003,5.49,61039,75293,"Action, Indie, Adventure, Utilities, Shooter, Software, FPS, Game Development, Design & Illustration, Animation & Modeling, Photo Editing, Survival, Education, PvP, First-Person, Third-Person Shooter, War, Third Person, Tactical, Sandbox, +",Paid,"['Action', 'Indie', 'Adventure', 'Utilities', 'Shooter', 'Software', 'FPS', 'Game Development', 'Design & Illustration', 'Animation & Modeling', 'Photo Editing', 'Survival', 'Education', 'PvP', 'First-Person', 'Third-Person Shooter', 'War', 'Third Person', 'Tactical', 'Sandbox', '+']"
26,27,HELLDIVERS™ 2,https://shared.cloudflare.steamstatic.com//store_item_assets/steam/apps/553850/2097f73bc73e84ff9928e8e65b6328800054da57/capsule_231x87.jpg?t=1736527750,https://store.steampowered.com/app/553850/HELLDIVERS_2?snr=1_7001_7005__7003,34.99,59489,81203,"Online Co-Op, PvE, Multiplayer, Action, Co-op",Paid,"['Online Co-Op', 'PvE', 'Multiplayer', 'Action', 'Co-op']"
27,28,Don't Starve Together,https://shared.cloudflare.steamstatic.com//store_item_assets/steam/apps/322330/capsule_231x87.jpg?t=1736195686,https://store.steampowered.com/app/322330/Dont_Starve_Together?snr=1_7001_7005__7003,10.99,59013,60622,"Survival, Open World Survival Craft, Multiplayer, Co-op, Open World, Adventure, Crafting, Online Co-Op, Sandbox, Difficult, Indie, 2D, Atmospheric, Funny, Survival Horror, Strategy, Horror, Singleplayer, Action, Roguelike, +",Paid,"['Survival', 'Open World Survival Craft', 'Multiplayer', 'Co-op', 'Open World', 'Adventure', 'Crafting', 'Online Co-Op', 'Sandbox', 'Difficult', 'Indie', '2D', 'Atmospheric', 'Funny', 'Survival Horror', 'Strategy', 'Horror', 'Singleplayer', 'Action', 'Roguelike', '+']"
28,29,Cyberpunk 2077,https://shared.cloudflare.steamstatic.com//store_item_assets/steam/apps/1091500/c545dd3830702f93dae94c11b810d4d011cc2523/capsule_231x87_alt_assets_6.jpg?t=1734434803,https://store.steampowered.com/app/1091500/Cyberpunk_2077?snr=1_7001_7005__7003,49.99,58805,60496,"Cyberpunk, Open World, Nudity, RPG, Sci-fi",Paid,"['Cyberpunk', 'Open World', 'Nudity', 'RPG', 'Sci-fi']"
29,30,Euro Truck Simulator 2,https://shared.cloudflare.steamstatic.com//store_item_assets/steam/apps/227300/capsule_231x87.jpg?t=1735901402,https://store.steampowered.com/app/227300/Euro_Truck_Simulator_2?snr=1_7001_7005__7003,16.89,57166,57166,"Driving, Transportation, Simulation, Open World, Automobile Sim, Realistic, Moddable, Relaxing, Exploration, Immersive Sim, Economy, Management, Atmospheric, Multiplayer, Controller, Family Friendly, Third Person, Adventure, Casual, Indie, +",Paid,"['Driving', 'Transportation', 'Simulation', 'Open World', 'Automobile Sim', 'Realistic', 'Moddable', 'Relaxing', 'Exploration', 'Immersive Sim', 'Economy', 'Management', 'Atmospheric', 'Multiplayer', 'Controller', 'Family Friendly', 'Third Person', 'Adventure', 'Casual', 'Indie', '+']"
30,31,Team Fortress 2,https://shared.cloudflare.steamstatic.com//store_item_assets/steam/apps/440/capsule_231x87.jpg?t=1729702978,https://store.steampowered.com/app/440/Team_Fortress_2?snr=1_7001_7005__7003,,55868,78156,"Free to Play, Hero Shooter, Multiplayer, FPS, Shooter, Action, Class-Based, Team-Based, Funny, First-Person, Online Co-Op, Competitive, Cartoony, Trading, Co-op, Comedy, Robots, Tactical, Cartoon, Crafting, +",Free,"['Free to Play', 'Hero Shooter', 'Multiplayer', 'FPS', 'Shooter', 'Action', 'Class-Based', 'Team-Based', 'Funny', 'First-Person', 'Online Co-Op', 'Competitive', 'Cartoony', 'Trading', 'Co-op', 'Comedy', 'Robots', 'Tactical', 'Cartoon', 'Crafting', '+']"
31,32,DayZ,https://shared.cloudflare.steamstatic.com//store_item_assets/steam/apps/221100/capsule_231x87.jpg?t=1734509615,https://store.steampowered.com/app/221100/DayZ?snr=1_7001_7005__7003,39.99,55748,68335,"Survival, Open World, Online Co-Op, Zombies",Paid,"['Survival', 'Open World', 'Online Co-Op', 'Zombies']"
32,33,Red Dead Redemption 2,https://shared.cloudflare.steamstatic.com//store_item_assets/steam/apps/1174180/capsule_231x87.jpg?t=1720558643,https://store.steampowered.com/app/1174180/Red_Dead_Redemption_2?snr=1_7001_7005__7003,59.99,52376,52376,"Open World, Story Rich, Western, Adventure, Multiplayer, Action, Realistic, Singleplayer, Shooter, Atmospheric, Horses, Beautiful, Mature, Third-Person Shooter, Great Soundtrack, Third Person, Gore, Sandbox, First-Person, FPS, +",Paid,"['Open World', 'Story Rich', 'Western', 'Adventure', 'Multiplayer', 'Action', 'Realistic', 'Singleplayer', 'Shooter', 'Atmospheric', 'Horses', 'Beautiful', 'Mature', 'Third-Person Shooter', 'Great Soundtrack', 'Third Person', 'Gore', 'Sandbox', 'First-Person', 'FPS', '+']"
33,34,Monster Hunter: World,https://shared.cloudflare.steamstatic.com//store_item_assets/steam/apps/582010/capsule_231x87.jpg?t=1734656748,https://store.steampowered.com/app/582010/Monster_Hunter_World?snr=1_7001_7005__7003,24.99,51099,51784,"Co-op, Multiplayer, Action, Open World, RPG, Character Customization, Third Person, Adventure, Fantasy, Difficult, Action RPG, Singleplayer, Exploration, Great Soundtrack, Replay Value, Atmospheric, Hack and Slash, JRPG, MMORPG, Souls-like, +",Paid,"['Co-op', 'Multiplayer', 'Action', 'Open World', 'RPG', 'Character Customization', 'Third Person', 'Adventure', 'Fantasy', 'Difficult', 'Action RPG', 'Singleplayer', 'Exploration', 'Great Soundtrack', 'Replay Value', 'Atmospheric', 'Hack and Slash', 'JRPG', 'MMORPG', 'Souls-like', '+']"
34,35,Crab Game,https://shared.cloudflare.steamstatic.com//store_item_assets/steam/apps/1782210/capsule_231x87.jpg?t=1638221608,https://store.steampowered.com/app/1782210/Crab_Game?snr=1_7001_7005__7003,,48190,49337,"Psychological Horror, Multiplayer, Free to Play, Battle Royale, PvP, Action, First-Person, Parkour, 3D, Nudity, FPS, Platformer, Physics, Combat, Arcade, Casual, Runner, Racing, 3D Platformer, Sci-fi, +",Free,"['Psychological Horror', 'Multiplayer', 'Free to Play', 'Battle Royale', 'PvP', 'Action', 'First-Person', 'Parkour', '3D', 'Nudity', 'FPS', 'Platformer', 'Physics', 'Combat', 'Arcade', 'Casual', 'Runner', 'Racing', '3D Platformer', 'Sci-fi', '+']"
35,36,Project Zomboid,https://shared.cloudflare.steamstatic.com//store_item_assets/steam/apps/108600/capsule_231x87.jpg?t=1691508011,https://store.steampowered.com/app/108600/Project_Zomboid?snr=1_7001_7005__7003,16.75,46857,51888,"Survival, Zombies, Open World, Multiplayer, Open World Survival Craft, Sandbox, Post-apocalyptic, Co-op, Crafting, Building, Indie, Simulation, RPG, Survival Horror, Realistic, Isometric, Singleplayer, 2D, Adventure, Early Access, +",Paid,"['Survival', 'Zombies', 'Open World', 'Multiplayer', 'Open World Survival Craft', 'Sandbox', 'Post-apocalyptic', 'Co-op', 'Crafting', 'Building', 'Indie', 'Simulation', 'RPG', 'Survival Horror', 'Realistic', 'Isometric', 'Singleplayer', '2D', 'Adventure', 'Early Access', '+']"
36,37,VRChat,https://shared.cloudflare.steamstatic.com//store_item_assets/steam/apps/438100/capsule_231x87.jpg?t=1733413042,https://store.steampowered.com/app/438100/VRChat?snr=1_7001_7005__7003,,45098,57752,"VR, Free to Play, Multiplayer, Anime, Memes, Funny, Massively Multiplayer, First-Person, Open World, Early Access, Simulation, Casual, Adventure, MMORPG, Comedy, Sandbox, Dating Sim, Action, Survival Horror, Atmospheric, +",Free,"['VR', 'Free to Play', 'Multiplayer', 'Anime', 'Memes', 'Funny', 'Massively Multiplayer', 'First-Person', 'Open World', 'Early Access', 'Simulation', 'Casual', 'Adventure', 'MMORPG', 'Comedy', 'Sandbox', 'Dating Sim', 'Action', 'Survival Horror', 'Atmospheric', '+']"
37,38,tModLoader,https://shared.cloudflare.steamstatic.com//store_item_assets/steam/apps/1281930/capsule_231x87.jpg?t=1718143594,https://store.steampowered.com/app/1281930/tModLoader?snr=1_7001_7005__7003,,43937,44397,"Adventure, Free to Play, Action, Indie, RPG, Mod, Sandbox, Moddable, Multiplayer, 2D, Pixel Graphics, Building, Survival, Online Co-Op, Singleplayer, Co-op, Replay Value, Great Soundtrack, Open World Survival Craft, Difficult, +",Free,"['Adventure', 'Free to Play', 'Action', 'Indie', 'RPG', 'Mod', 'Sandbox', 'Moddable', 'Multiplayer', '2D', 'Pixel Graphics', 'Building', 'Survival', 'Online Co-Op', 'Singleplayer', 'Co-op', 'Replay Value', 'Great Soundtrack', 'Open World Survival Craft', 'Difficult', '+']"
38,39,ARK: Survival Evolved,https://shared.cloudflare.steamstatic.com//store_item_assets/steam/apps/346110/capsule_231x87.jpg?t=1709879597,https://store.steampowered.com/app/346110/ARK_Survival_Evolved?snr=1_7001_7005__7003,12.79,42573,42573,"Open World Survival Craft, Survival, Multiplayer, Open World, Dinosaurs, Crafting, Building, Adventure, Base Building, Co-op, Action, First-Person, Sandbox, Massively Multiplayer, Singleplayer, Early Access, RPG, Dragons, Sci-fi, Indie, +",Paid,"['Open World Survival Craft', 'Survival', 'Multiplayer', 'Open World', 'Dinosaurs', 'Crafting', 'Building', 'Adventure', 'Base Building', 'Co-op', 'Action', 'First-Person', 'Sandbox', 'Massively Multiplayer', 'Singleplayer', 'Early Access', 'RPG', 'Dragons', 'Sci-fi', 'Indie', '+']"
39,40,Farming Simulator 25,https://shared.cloudflare.steamstatic.com//store_item_assets/steam/apps/2300320/capsule_231x87.jpg?t=1736333063,https://store.steampowered.com/app/2300320/Farming_Simulator_25?snr=1_7001_7005__7003,42.42,42392,45740,"Simulation, Farming Sim, Realistic, Immersive Sim, 3D, First-Person, Time Management, Economy, Third Person, Building, Multiplayer, Atmospheric, Management, Nature, Relaxing, Online Co-Op, Physics, Farming, Singleplayer, Moddable, +",Paid,"['Simulation', 'Farming Sim', 'Realistic', 'Immersive Sim', '3D', 'First-Person', 'Time Management', 'Economy', 'Third Person', 'Building', 'Multiplayer', 'Atmospheric', 'Management', 'Nature', 'Relaxing', 'Online Co-Op', 'Physics', 'Farming', 'Singleplayer', 'Moddable', '+']"
40,41,7 Days to Die,https://shared.cloudflare.steamstatic.com//store_item_assets/steam/apps/251570/capsule_231x87.jpg?t=1736194886,https://store.steampowered.com/app/251570/7_Days_to_Die?snr=1_7001_7005__7003,37.99,41759,41759,"Survival, Zombies, Multiplayer, Open World, Open World Survival Craft, Base Building, Voxel, Post-apocalyptic, Online Co-Op, Building, Exploration, Sandbox, FPS, Simulation, Character Customization, Tower Defense, Action, Strategy, Horror, Procedural Generation, +",Paid,"['Survival', 'Zombies', 'Multiplayer', 'Open World', 'Open World Survival Craft', 'Base Building', 'Voxel', 'Post-apocalyptic', 'Online Co-Op', 'Building', 'Exploration', 'Sandbox', 'FPS', 'Simulation', 'Character Customization', 'Tower Defense', 'Action', 'Strategy', 'Horror', 'Procedural Generation', '+']"
41,42,Terraria,https://shared.cloudflare.steamstatic.com//store_item_assets/steam/apps/105600/capsule_231x87.jpg?t=1731252354,https://store.steampowered.com/app/105600/Terraria?snr=1_7001_7005__7003,8.5,40611,42137,"Open World Survival Craft, Sandbox, Survival, 2D, Multiplayer, Adventure, Pixel Graphics, Crafting, Building, Exploration, Co-op, Open World, Online Co-Op, Indie, Action, RPG, Singleplayer, Replay Value, Platformer, Atmospheric, +",Paid,"['Open World Survival Craft', 'Sandbox', 'Survival', '2D', 'Multiplayer', 'Adventure', 'Pixel Graphics', 'Crafting', 'Building', 'Exploration', 'Co-op', 'Open World', 'Online Co-Op', 'Indie', 'Action', 'RPG', 'Singleplayer', 'Replay Value', 'Platformer', 'Atmospheric', '+']"
42,43,The Binding of Isaac: Rebirth,https://shared.cloudflare.steamstatic.com//store_item_assets/steam/apps/250900/capsule_231x87.jpg?t=1731977365,https://store.steampowered.com/app/250900/The_Binding_of_Isaac_Rebirth?snr=1_7001_7005__7003,10.99,39921,42003,"Action Roguelike, Roguelike, Indie, Replay Value, Difficult, Pixel Graphics, Dungeon Crawler, Great Soundtrack, Singleplayer, Dark, 2D, Local Co-Op, Remake, Gore, Procedural Generation, Roguelite, Atmospheric, Co-op, Action, Horror, +",Paid,"['Action Roguelike', 'Roguelike', 'Indie', 'Replay Value', 'Difficult', 'Pixel Graphics', 'Dungeon Crawler', 'Great Soundtrack', 'Singleplayer', 'Dark', '2D', 'Local Co-Op', 'Remake', 'Gore', 'Procedural Generation', 'Roguelite', 'Atmospheric', 'Co-op', 'Action', 'Horror', '+']"
43,44,Dead by Daylight,https://shared.cloudflare.steamstatic.com//store_item_assets/steam/apps/381210/capsule_231x87.jpg?t=1734471225,https://store.steampowered.com/app/381210/Dead_by_Daylight?snr=1_7001_7005__7003,14.99,39775,40314,"Horror, Multiplayer, Survival Horror, Online Co-Op",Paid,"['Horror', 'Multiplayer', 'Survival Horror', 'Online Co-Op']"
44,45,Once Human,https://shared.cloudflare.steamstatic.com//store_item_assets/steam/apps/2139460/144adf517acbfc23c27452b74e0e6a14207f3b69/capsule_231x87.jpg?t=1735610585,https://store.steampowered.com/app/2139460/Once_Human?snr=1_7001_7005__7003,,39600,39600,"Multiplayer, Open World Survival Craft, Survival, Strategy, Horror, Open World, Co-op, Free to Play, Simulation, Shooter, Base Building, Post-apocalyptic, Action, Adventure, Online Co-Op, Strategy RPG, MMORPG, 3D, Singleplayer, RPG, +",Free,"['Multiplayer', 'Open World Survival Craft', 'Survival', 'Strategy', 'Horror', 'Open World', 'Co-op', 'Free to Play', 'Simulation', 'Shooter', 'Base Building', 'Post-apocalyptic', 'Action', 'Adventure', 'Online Co-Op', 'Strategy RPG', 'MMORPG', '3D', 'Singleplayer', 'RPG', '+']"
45,46,Mount & Blade II: Bannerlord,https://shared.cloudflare.steamstatic.com//store_item_assets/steam/apps/261550/capsule_231x87.jpg?t=1728556827,https://store.steampowered.com/app/261550/Mount__Blade_II_Bannerlord?snr=1_7001_7005__7003,42.99,39233,39315,"Medieval, Strategy, Open World, RPG, War, Sandbox, Multiplayer, Singleplayer, Action, Character Customization, Simulation, Moddable, Adventure, Horses, Realistic, Third Person, Historical, First-Person, Great Soundtrack, Early Access, +",Paid,"['Medieval', 'Strategy', 'Open World', 'RPG', 'War', 'Sandbox', 'Multiplayer', 'Singleplayer', 'Action', 'Character Customization', 'Simulation', 'Moddable', 'Adventure', 'Horses', 'Realistic', 'Third Person', 'Historical', 'First-Person', 'Great Soundtrack', 'Early Access', '+']"
46,47,It Takes Two,https://shared.cloudflare.steamstatic.com//store_item_assets/steam/apps/1426210/capsule_231x87.jpg?t=1730911936,https://store.steampowered.com/app/1426210/It_Takes_Two?snr=1_7001_7005__7003,34.99,38597,42135,"Co-op, Multiplayer, Split Screen, Local Co-Op, Puzzle, Online Co-Op, Adventure, Story Rich, Co-op Campaign, Local Multiplayer, Puzzle Platformer, Action-Adventure, 3D Platformer, Emotional, Platformer, Action, Exploration, Atmospheric, Minigames, Female Protagonist, +",Paid,"['Co-op', 'Multiplayer', 'Split Screen', 'Local Co-Op', 'Puzzle', 'Online Co-Op', 'Adventure', 'Story Rich', 'Co-op Campaign', 'Local Multiplayer', 'Puzzle Platformer', 'Action-Adventure', '3D Platformer', 'Emotional', 'Platformer', 'Action', 'Exploration', 'Atmospheric', 'Minigames', 'Female Protagonist', '+']"
47,48,The Witcher 3: Wild Hunt,https://shared.cloudflare.steamstatic.com//store_item_assets/steam/apps/292030/capsule_231x87.jpg?t=1736424367,https://store.steampowered.com/app/292030/The_Witcher_3_Wild_Hunt?snr=1_7001_7005__7003,24.99,38123,38123,"Open World, RPG, Story Rich, Atmospheric",Paid,"['Open World', 'RPG', 'Story Rich', 'Atmospheric']"
48,49,THRONE AND LIBERTY,https://shared.cloudflare.steamstatic.com//store_item_assets/steam/apps/2429640/capsule_231x87.jpg?t=1735837136,https://store.steampowered.com/app/2429640/THRONE_AND_LIBERTY?snr=1_7001_7005__7003,,37520,51776,"MMORPG, Free to Play, Massively Multiplayer",Free,"['MMORPG', 'Free to Play', 'Massively Multiplayer']"
49,50,Total War: WARHAMMER III,https://shared.cloudflare.steamstatic.com//store_item_assets/steam/apps/1142710/capsule_231x87.jpg?t=1734023395,https://store.steampowered.com/app/1142710/Total_War_WARHAMMER_III?snr=1_7001_7005__7003,49.99,36565,38122,"Strategy, Turn-Based Strategy, Grand Strategy, RTS, Fantasy, Real Time Tactics, Dark Fantasy, War, Action, Tactical, Games Workshop, Dwarf, Atmospheric, Multiplayer, Colorful, Co-op, PvP, Singleplayer, Story Rich, Warhammer 40K, +",Paid,"['Strategy', 'Turn-Based Strategy', 'Grand Strategy', 'RTS', 'Fantasy', 'Real Time Tactics', 'Dark Fantasy', 'War', 'Action', 'Tactical', 'Games Workshop', 'Dwarf', 'Atmospheric', 'Multiplayer', 'Colorful', 'Co-op', 'PvP', 'Singleplayer', 'Story Rich', 'Warhammer 40K', '+']"
50,51,The Sims™ 4,https://shared.cloudflare.steamstatic.com//store_item_assets/steam/apps/1222670/capsule_231x87.jpg?t=1734695387,https://store.steampowered.com/app/1222670/The_Sims_4?snr=1_7001_7005__7003,,36539,47186,"Life Sim, Character Customization, Free to Play, Multiplayer, Building, Romance, Simulation, Sandbox, Singleplayer, Dating Sim, Relaxing, Casual, Realistic, Funny, Cute, Family Friendly, Immersive Sim, Fantasy, Adventure, Cartoony, +",Free,"['Life Sim', 'Character Customization', 'Free to Play', 'Multiplayer', 'Building', 'Romance', 'Simulation', 'Sandbox', 'Singleplayer', 'Dating Sim', 'Relaxing', 'Casual', 'Realistic', 'Funny', 'Cute', 'Family Friendly', 'Immersive Sim', 'Fantasy', 'Adventure', 'Cartoony', '+']"
51,52,The Forest,https://shared.cloudflare.steamstatic.com//store_item_assets/steam/apps/242760/capsule_231x87.jpg?t=1699381053,https://store.steampowered.com/app/242760/The_Forest?snr=1_7001_7005__7003,15.49,35778,40813,"Open World Survival Craft, Survival, Open World, Horror, Crafting, Adventure, Building, Survival Horror, First-Person, Action, Exploration, Sandbox, Singleplayer, Atmospheric, Simulation, Gore, Realistic, Indie, Zombies, Early Access, +",Paid,"['Open World Survival Craft', 'Survival', 'Open World', 'Horror', 'Crafting', 'Adventure', 'Building', 'Survival Horror', 'First-Person', 'Action', 'Exploration', 'Sandbox', 'Singleplayer', 'Atmospheric', 'Simulation', 'Gore', 'Realistic', 'Indie', 'Zombies', 'Early Access', '+']"
52,53,Lost Ark,https://shared.cloudflare.steamstatic.com//store_item_assets/steam/apps/1599340/capsule_231x87.jpg?t=1736361963,https://store.steampowered.com/app/1599340/Lost_Ark?snr=1_7001_7005__7003,,34050,37782,"MMORPG, Free to Play, Action RPG, Multiplayer",Free,"['MMORPG', 'Free to Play', 'Action RPG', 'Multiplayer']"
53,54,Factorio,https://shared.cloudflare.steamstatic.com//store_item_assets/steam/apps/427520/capsule_231x87.jpg?t=1730307306,https://store.steampowered.com/app/427520/Factorio?snr=1_7001_7005__7003,30.0,33522,40246,"Automation, Base Building, Resource Management, Sandbox, Crafting, Strategy, Multiplayer, Survival, Management, Open World, Building, Co-op, 2D, Moddable, Singleplayer, Trains, Simulation, Pixel Graphics, City Builder, Indie, +",Paid,"['Automation', 'Base Building', 'Resource Management', 'Sandbox', 'Crafting', 'Strategy', 'Multiplayer', 'Survival', 'Management', 'Open World', 'Building', 'Co-op', '2D', 'Moddable', 'Singleplayer', 'Trains', 'Simulation', 'Pixel Graphics', 'City Builder', 'Indie', '+']"
54,55,ARK: Survival Ascended,https://shared.cloudflare.steamstatic.com//store_item_assets/steam/apps/2399830/capsule_231x87.jpg?t=1734731865,https://store.steampowered.com/app/2399830/ARK_Survival_Ascended?snr=1_7001_7005__7003,37.99,32135,36555,"Early Access, Survival, Open World, Multiplayer, Dinosaurs, Adventure, Building, Crafting, Base Building, Action, Sandbox, Character Customization, PvP, PvE, Singleplayer, Massively Multiplayer, Inventory Management, RPG, Fantasy, Sci-fi, +",Paid,"['Early Access', 'Survival', 'Open World', 'Multiplayer', 'Dinosaurs', 'Adventure', 'Building', 'Crafting', 'Base Building', 'Action', 'Sandbox', 'Character Customization', 'PvP', 'PvE', 'Singleplayer', 'Massively Multiplayer', 'Inventory Management', 'RPG', 'Fantasy', 'Sci-fi', '+']"
55,56,Valheim,https://shared.cloudflare.steamstatic.com//store_item_assets/steam/apps/892970/capsule_231x87.jpg?t=1732095031,https://store.steampowered.com/app/892970/Valheim?snr=1_7001_7005__7003,15.49,31789,45234,"Open World Survival Craft, Survival, Online Co-Op, Open World, Multiplayer, Building, Crafting, Base Building, Exploration, Co-op, Difficult, Adventure, Mythology, Sandbox, PvE, Action, Third Person, Singleplayer, Early Access, Indie, +",Paid,"['Open World Survival Craft', 'Survival', 'Online Co-Op', 'Open World', 'Multiplayer', 'Building', 'Crafting', 'Base Building', 'Exploration', 'Co-op', 'Difficult', 'Adventure', 'Mythology', 'Sandbox', 'PvE', 'Action', 'Third Person', 'Singleplayer', 'Early Access', 'Indie', '+']"
56,57,NBA 2K25,https://shared.cloudflare.steamstatic.com//store_item_assets/steam/apps/2878980/capsule_231x87.jpg?t=1736525487,https://store.steampowered.com/app/2878980/NBA_2K25?snr=1_7001_7005__7003,33.74,31761,32688,"Sports, Basketball, Simulation, eSports, 3D, Management, PvP, Immersive Sim, Character Customization, Controller, Team-Based, Trading, Deckbuilding, Co-op, Local Co-Op, Local Multiplayer, Multiplayer, Online Co-Op, Singleplayer, 4 Player Local, +",Paid,"['Sports', 'Basketball', 'Simulation', 'eSports', '3D', 'Management', 'PvP', 'Immersive Sim', 'Character Customization', 'Controller', 'Team-Based', 'Trading', 'Deckbuilding', 'Co-op', 'Local Co-Op', 'Local Multiplayer', 'Multiplayer', 'Online Co-Op', 'Singleplayer', '4 Player Local', '+']"
57,58,Left 4 Dead 2,https://shared.cloudflare.steamstatic.com//store_item_assets/steam/apps/550/capsule_231x87.jpg?t=1731457037,https://store.steampowered.com/app/550/Left_4_Dead_2?snr=1_7001_7005__7003,8.5,31675,39500,"Zombies, Co-op, FPS, Multiplayer, Shooter, Online Co-Op, Action, Survival, Horror, First-Person, Gore, Team-Based, Moddable, Survival Horror, Post-apocalyptic, Singleplayer, Adventure, Local Co-Op, Replay Value, Tactical, +",Paid,"['Zombies', 'Co-op', 'FPS', 'Multiplayer', 'Shooter', 'Online Co-Op', 'Action', 'Survival', 'Horror', 'First-Person', 'Gore', 'Team-Based', 'Moddable', 'Survival Horror', 'Post-apocalyptic', 'Singleplayer', 'Adventure', 'Local Co-Op', 'Replay Value', 'Tactical', '+']"
58,59,The Elder Scrolls V: Skyrim Special Edition,https://shared.cloudflare.steamstatic.com//store_item_assets/steam/apps/489830/capsule_231x87.jpg?t=1721923149,https://store.steampowered.com/app/489830/The_Elder_Scrolls_V_Skyrim_Special_Edition?snr=1_7001_7005__7003,34.99,31056,40255,"Open World, RPG, Adventure, Singleplayer",Paid,"['Open World', 'RPG', 'Adventure', 'Singleplayer']"
59,60,PAYDAY 2,https://shared.cloudflare.steamstatic.com//store_item_assets/steam/apps/218620/capsule_231x87.jpg?t=1729586701,https://store.steampowered.com/app/218620/PAYDAY_2?snr=1_7001_7005__7003,8.5,30019,34608,"Co-op, Action, FPS, Heist, Multiplayer, Crime",Paid,"['Co-op', 'Action', 'FPS', 'Heist', 'Multiplayer', 'Crime']"
60,61,RimWorld,https://shared.cloudflare.steamstatic.com//store_item_assets/steam/apps/294100/capsule_231x87.jpg?t=1734154189,https://store.steampowered.com/app/294100/RimWorld?snr=1_7001_7005__7003,28.49,29791,30278,"Colony Sim, Base Building, Survival, Strategy, Sandbox, Management, Building, Simulation, Singleplayer, Moddable, City Builder, Open World, Procedural Generation, 2D, Sci-fi, Indie, Space, Tactical RPG, Cartoony, Western, +",Paid,"['Colony Sim', 'Base Building', 'Survival', 'Strategy', 'Sandbox', 'Management', 'Building', 'Simulation', 'Singleplayer', 'Moddable', 'City Builder', 'Open World', 'Procedural Generation', '2D', 'Sci-fi', 'Indie', 'Space', 'Tactical RPG', 'Cartoony', 'Western', '+']"
61,62,Balatro,https://shared.cloudflare.steamstatic.com//store_item_assets/steam/apps/2379780/capsule_231x87.jpg?t=1736415851,https://store.steampowered.com/app/2379780/Balatro?snr=1_7001_7005__7003,12.79,29267,42363,"Roguelike Deckbuilder, Card Game, Roguelike, Deckbuilding, Singleplayer, Strategy, Pixel Graphics, Replay Value, Turn-Based, Card Battler, Roguelite, Choices Matter, Casual, Difficult, Turn-Based Strategy, 2D, Arcade, Relaxing, Procedural Generation, Simulation, +",Paid,"['Roguelike Deckbuilder', 'Card Game', 'Roguelike', 'Deckbuilding', 'Singleplayer', 'Strategy', 'Pixel Graphics', 'Replay Value', 'Turn-Based', 'Card Battler', 'Roguelite', 'Choices Matter', 'Casual', 'Difficult', 'Turn-Based Strategy', '2D', 'Arcade', 'Relaxing', 'Procedural Generation', 'Simulation', '+']"
62,63,Goose Goose Duck,https://shared.cloudflare.steamstatic.com//store_item_assets/steam/apps/1568590/capsule_231x87.jpg?t=1734556407,https://store.steampowered.com/app/1568590/Goose_Goose_Duck?snr=1_7001_7005__7003,,28850,29599,"Multiplayer, Online Co-Op, Social Deduction, 2D, Indie, Free to Play, PvP, Character Customization, Action, Conversation, Cartoon, Funny, Cute, Casual, Strategy, Co-op, Local Co-Op, Massively Multiplayer, Controller, Gaming, +",Free,"['Multiplayer', 'Online Co-Op', 'Social Deduction', '2D', 'Indie', 'Free to Play', 'PvP', 'Character Customization', 'Action', 'Conversation', 'Cartoon', 'Funny', 'Cute', 'Casual', 'Strategy', 'Co-op', 'Local Co-Op', 'Massively Multiplayer', 'Controller', 'Gaming', '+']"
63,64,Garry's Mod,https://shared.cloudflare.steamstatic.com//store_item_assets/steam/apps/4000/2e52d9b905feebfdaaf2db6ad7afece10991d504/capsule_231x87.jpg?t=1726231861,https://store.steampowered.com/app/4000/Garrys_Mod?snr=1_7001_7005__7003,6.99,28229,36634,"Sandbox, Moddable, Multiplayer, Physics, Building, Casual, Funny, First-Person, Singleplayer, FPS, Simulation, Online Co-Op, Shooter, Co-op, Comedy, Action, Indie, PvP, Realistic, Exploration, +",Paid,"['Sandbox', 'Moddable', 'Multiplayer', 'Physics', 'Building', 'Casual', 'Funny', 'First-Person', 'Singleplayer', 'FPS', 'Simulation', 'Online Co-Op', 'Shooter', 'Co-op', 'Comedy', 'Action', 'Indie', 'PvP', 'Realistic', 'Exploration', '+']"
64,65,Hogwarts Legacy,https://shared.cloudflare.steamstatic.com//store_item_assets/steam/apps/990080/capsule_231x87.jpg?t=1733420116,https://store.steampowered.com/app/990080/Hogwarts_Legacy?snr=1_7001_7005__7003,49.99,27200,29273,"Magic, Fantasy, Open World, Singleplayer, Adventure, RPG, Character Customization, Exploration, Story Rich, Third Person, Action-Adventure, Atmospheric, Action RPG, Action, Combat, Choices Matter, Puzzle, Great Soundtrack, Dark, Family Friendly, +",Paid,"['Magic', 'Fantasy', 'Open World', 'Singleplayer', 'Adventure', 'RPG', 'Character Customization', 'Exploration', 'Story Rich', 'Third Person', 'Action-Adventure', 'Atmospheric', 'Action RPG', 'Action', 'Combat', 'Choices Matter', 'Puzzle', 'Great Soundtrack', 'Dark', 'Family Friendly', '+']"
65,66,Sons Of The Forest,https://shared.cloudflare.steamstatic.com//store_item_assets/steam/apps/1326470/capsule_231x87.jpg?t=1708624856,https://store.steampowered.com/app/1326470/Sons_Of_The_Forest?snr=1_7001_7005__7003,24.99,26828,28142,"Survival, Open World, Multiplayer, Co-op, Survival Horror, Base Building, Horror, Crafting, First-Person, Exploration, Building, Adventure, Singleplayer, Atmospheric, Action-Adventure, Sandbox, Action, Simulation, Immersive Sim, Early Access, +",Paid,"['Survival', 'Open World', 'Multiplayer', 'Co-op', 'Survival Horror', 'Base Building', 'Horror', 'Crafting', 'First-Person', 'Exploration', 'Building', 'Adventure', 'Singleplayer', 'Atmospheric', 'Action-Adventure', 'Sandbox', 'Action', 'Simulation', 'Immersive Sim', 'Early Access', '+']"
66,67,Satisfactory,https://shared.cloudflare.steamstatic.com//store_item_assets/steam/apps/526870/fe7cbb345c177f83f829a61f0e0ab951b42c7ab1/capsule_231x87.jpg?t=1733848217,https://store.steampowered.com/app/526870/Satisfactory?snr=1_7001_7005__7003,33.5,26793,32924,"Base Building, Automation, Open World, Multiplayer, Crafting, Co-op, Resource Management, Building, Sandbox, Exploration, Adventure, Open World Survival Craft, Survival, Simulation, First-Person, Strategy, Early Access, Sci-fi, Singleplayer, Indie, +",Paid,"['Base Building', 'Automation', 'Open World', 'Multiplayer', 'Crafting', 'Co-op', 'Resource Management', 'Building', 'Sandbox', 'Exploration', 'Adventure', 'Open World Survival Craft', 'Survival', 'Simulation', 'First-Person', 'Strategy', 'Early Access', 'Sci-fi', 'Singleplayer', 'Indie', '+']"
67,68,Overwatch® 2,https://shared.cloudflare.steamstatic.com//store_item_assets/steam/apps/2357570/3d9c240a1c3d86504856fe002e864066a1b0bb19/capsule_231x87.jpg?t=1733864283,https://store.steampowered.com/app/2357570/Overwatch_2?snr=1_7001_7005__7003,,26375,27800,"Free to Play, Hero Shooter, Multiplayer, FPS, Team-Based, PvP, Shooter, First-Person, Dark Humor, Action, Competitive, Co-op, Dystopian, Sci-fi, PvE, Cinematic, Lore-Rich, Casual, MOBA, Controller, +",Free,"['Free to Play', 'Hero Shooter', 'Multiplayer', 'FPS', 'Team-Based', 'PvP', 'Shooter', 'First-Person', 'Dark Humor', 'Action', 'Competitive', 'Co-op', 'Dystopian', 'Sci-fi', 'PvE', 'Cinematic', 'Lore-Rich', 'Casual', 'MOBA', 'Controller', '+']"
68,69,Hunt: Showdown 1896,https://shared.cloudflare.steamstatic.com//store_item_assets/steam/apps/594650/198cb6661e0e4cd135f9506b3cf09b9394c183ef/capsule_231x87_alt_assets_20.jpg?t=1735910197,https://store.steampowered.com/app/594650/Hunt_Showdown_1896?snr=1_7001_7005__7003,25.99,25464,25464,"Open World, Extraction Shooter, Atmospheric",Paid,"['Open World', 'Extraction Shooter', 'Atmospheric']"
69,70,Age of Empires II: Definitive Edition,https://shared.cloudflare.steamstatic.com//store_item_assets/steam/apps/813780/capsule_231x87.jpg?t=1731939100,https://store.steampowered.com/app/813780/Age_of_Empires_II_Definitive_Edition?snr=1_7001_7005__7003,25.99,25031,27919,"Strategy, RTS, City Builder, Multiplayer, Base Building, Historical, Singleplayer, Medieval, Resource Management, Classic, Tactical, Real-Time, Co-op, Remake, Isometric, 2D, Replay Value, Action, Adventure, Great Soundtrack, +",Paid,"['Strategy', 'RTS', 'City Builder', 'Multiplayer', 'Base Building', 'Historical', 'Singleplayer', 'Medieval', 'Resource Management', 'Classic', 'Tactical', 'Real-Time', 'Co-op', 'Remake', 'Isometric', '2D', 'Replay Value', 'Action', 'Adventure', 'Great Soundtrack', '+']"
70,71,Squad,https://shared.cloudflare.steamstatic.com//store_item_assets/steam/apps/393380/capsule_231x87.jpg?t=1734053306,https://store.steampowered.com/app/393380/Squad?snr=1_7001_7005__7003,39.99,24121,25392,"Military, Realistic, FPS, Multiplayer, Tactical, Shooter, Team-Based, War, First-Person, Action, Massively Multiplayer, Strategy, Modern, Simulation, Wargame, Base Building, Open World, Immersive Sim, Atmospheric, PvP, +",Paid,"['Military', 'Realistic', 'FPS', 'Multiplayer', 'Tactical', 'Shooter', 'Team-Based', 'War', 'First-Person', 'Action', 'Massively Multiplayer', 'Strategy', 'Modern', 'Simulation', 'Wargame', 'Base Building', 'Open World', 'Immersive Sim', 'Atmospheric', 'PvP', '+']"
71,72,Street Fighter™ 6,https://shared.cloudflare.steamstatic.com//store_item_assets/steam/apps/1364780/099823eada92ddb9e2b53769186925037f18c032/capsule_231x87_alt_assets_12.jpg?t=1735026251,https://store.steampowered.com/app/1364780/Street_Fighter_6?snr=1_7001_7005__7003,49.99,24100,25963,"2D Fighter, Fighting, Character Customization, Arcade, Action, Multiplayer, Competitive, Adventure, PvP, eSports, Open World, Singleplayer, Local Multiplayer, Controller, 3D, Martial Arts, Action RPG, Great Soundtrack, Sandbox, 3D Fighter, +",Paid,"['2D Fighter', 'Fighting', 'Character Customization', 'Arcade', 'Action', 'Multiplayer', 'Competitive', 'Adventure', 'PvP', 'eSports', 'Open World', 'Singleplayer', 'Local Multiplayer', 'Controller', '3D', 'Martial Arts', 'Action RPG', 'Great Soundtrack', 'Sandbox', '3D Fighter', '+']"
72,73,Crusader Kings III,https://shared.cloudflare.steamstatic.com//store_item_assets/steam/apps/1158310/capsule_231x87.jpg?t=1736498603,https://store.steampowered.com/app/1158310/Crusader_Kings_III?snr=1_7001_7005__7003,41.99,23936,25998,"Strategy, Medieval, Grand Strategy, Simulation, RPG, Historical, Management, Character Customization, Life Sim, RTS, Sandbox, Choices Matter, War, Singleplayer, Political, 4X, Economy, Moddable, Multiplayer, Real-Time with Pause, +",Paid,"['Strategy', 'Medieval', 'Grand Strategy', 'Simulation', 'RPG', 'Historical', 'Management', 'Character Customization', 'Life Sim', 'RTS', 'Sandbox', 'Choices Matter', 'War', 'Singleplayer', 'Political', '4X', 'Economy', 'Moddable', 'Multiplayer', 'Real-Time with Pause', '+']"
73,74,Black Desert,https://shared.cloudflare.steamstatic.com//store_item_assets/steam/apps/582660/68da135eec25cdc8348a163b1f068e0004528b77/capsule_231x87.jpg?t=1735065840,https://store.steampowered.com/app/582660/Black_Desert?snr=1_7001_7005__7003,8.99,23929,25041,"MMORPG, Massively Multiplayer, Open World, RPG, Character Customization, Adventure, Fantasy, Action, Strategy, 3D, Medieval, Multiplayer, Crafting, Atmospheric, Magic, Simulation, PvP, Cooking, Combat, War, +",Paid,"['MMORPG', 'Massively Multiplayer', 'Open World', 'RPG', 'Character Customization', 'Adventure', 'Fantasy', 'Action', 'Strategy', '3D', 'Medieval', 'Multiplayer', 'Crafting', 'Atmospheric', 'Magic', 'Simulation', 'PvP', 'Cooking', 'Combat', 'War', '+']"
74,75,SCUM,https://shared.cloudflare.steamstatic.com//store_item_assets/steam/apps/513710/capsule_231x87.jpg?t=1726482574,https://store.steampowered.com/app/513710/SCUM?snr=1_7001_7005__7003,16.74,23643,23643,"Survival, Open World Survival Craft, Multiplayer, Open World, Zombies, Nudity, Massively Multiplayer, Action, Realistic, Adventure, Crafting, Singleplayer, Early Access, FPS, Violent, PvP, Gore, Third Person, Indie, RPG, +",Paid,"['Survival', 'Open World Survival Craft', 'Multiplayer', 'Open World', 'Zombies', 'Nudity', 'Massively Multiplayer', 'Action', 'Realistic', 'Adventure', 'Crafting', 'Singleplayer', 'Early Access', 'FPS', 'Violent', 'PvP', 'Gore', 'Third Person', 'Indie', 'RPG', '+']"
75,76,Stellaris,https://shared.cloudflare.steamstatic.com//store_item_assets/steam/apps/281990/16bbdb9ee38ec91433522604828fdbbbf2fae9ea/capsule_231x87.jpg?t=1735836680,https://store.steampowered.com/app/281990/Stellaris?snr=1_7001_7005__7003,34.99,23568,25166,"Space, Grand Strategy, Strategy, Sci-fi, 4X, Exploration, Sandbox, Simulation, Multiplayer, Singleplayer, Real-Time with Pause, Moddable, Management, Diplomacy, Military, Futuristic, Replay Value, Great Soundtrack, Procedural Generation, Atmospheric, +",Paid,"['Space', 'Grand Strategy', 'Strategy', 'Sci-fi', '4X', 'Exploration', 'Sandbox', 'Simulation', 'Multiplayer', 'Singleplayer', 'Real-Time with Pause', 'Moddable', 'Management', 'Diplomacy', 'Military', 'Futuristic', 'Replay Value', 'Great Soundtrack', 'Procedural Generation', 'Atmospheric', '+']"
76,77,STALCRAFT: X,https://shared.cloudflare.steamstatic.com//store_item_assets/steam/apps/1818450/6d830cfcfcbf13069714ba55e162f0babcb02f7b/capsule_231x87_alt_assets_3.jpg?t=1734097289,https://store.steampowered.com/app/1818450/STALCRAFT_X?snr=1_7001_7005__7003,,23311,25652,"Free to Play, MMORPG, FPS, Multiplayer, Shooter, Action, Adventure, First-Person, Atmospheric, Looter Shooter, Horror, Massively Multiplayer, PvP, RPG, Combat, Tactical, Story Rich, PvE, Team-Based, Alternate History, +",Free,"['Free to Play', 'MMORPG', 'FPS', 'Multiplayer', 'Shooter', 'Action', 'Adventure', 'First-Person', 'Atmospheric', 'Looter Shooter', 'Horror', 'Massively Multiplayer', 'PvP', 'RPG', 'Combat', 'Tactical', 'Story Rich', 'PvE', 'Team-Based', 'Alternate History', '+']"
77,78,Desktop Mate,https://shared.cloudflare.steamstatic.com//store_item_assets/steam/apps/3301060/982e55966c9577ffbc5422543a21a7b0d58bfb53/capsule_231x87.jpg?t=1736533656,https://store.steampowered.com/app/3301060/Desktop_Mate?snr=1_7001_7005__7003,,23229,23229,"Free to Play, Cute, Utilities, Psychological Horror, Anime, Animation & Modeling, Hentai, Souls-like, Gore, NSFW, +",Free,"['Free to Play', 'Cute', 'Utilities', 'Psychological Horror', 'Anime', 'Animation & Modeling', 'Hentai', 'Souls-like', 'Gore', 'NSFW', '+']"
78,79,Europa Universalis IV,https://shared.cloudflare.steamstatic.com//store_item_assets/steam/apps/236850/f4e714d0f5a6be6b76e4b7cfddd692ccc689884a/capsule_231x87.jpg?t=1735836392,https://store.steampowered.com/app/236850/Europa_Universalis_IV?snr=1_7001_7005__7003,41.99,22781,23697,"Grand Strategy, Strategy, Historical, Simulation, 4X, Alternate History, Military, Wargame, Diplomacy, Economy, Replay Value, Sandbox, Political, Real-Time with Pause, Moddable, Nonlinear, Co-op, Singleplayer, Management, Multiplayer, +",Paid,"['Grand Strategy', 'Strategy', 'Historical', 'Simulation', '4X', 'Alternate History', 'Military', 'Wargame', 'Diplomacy', 'Economy', 'Replay Value', 'Sandbox', 'Political', 'Real-Time with Pause', 'Moddable', 'Nonlinear', 'Co-op', 'Singleplayer', 'Management', 'Multiplayer', '+']"
79,80,Limbus Company,https://shared.cloudflare.steamstatic.com//store_item_assets/steam/apps/1973530/capsule_231x87.jpg?t=1728532474,https://store.steampowered.com/app/1973530/Limbus_Company?snr=1_7001_7005__7003,,22665,27691,"Lore-Rich, Story Rich, Turn-Based Tactics, Turn-Based Combat, RPG, Free to Play, Visual Novel, Strategy, Singleplayer, Strategy RPG, Anime, PvE, Turn-Based Strategy, 2D, Action, Dark Fantasy, Roguelite, Sci-fi, Great Soundtrack, Colorful, +",Free,"['Lore-Rich', 'Story Rich', 'Turn-Based Tactics', 'Turn-Based Combat', 'RPG', 'Free to Play', 'Visual Novel', 'Strategy', 'Singleplayer', 'Strategy RPG', 'Anime', 'PvE', 'Turn-Based Strategy', '2D', 'Action', 'Dark Fantasy', 'Roguelite', 'Sci-fi', 'Great Soundtrack', 'Colorful', '+']"
80,81,Yu-Gi-Oh! Master Duel,https://shared.cloudflare.steamstatic.com//store_item_assets/steam/apps/1449850/a93589618c9bd331ef586352ba3bfa010696cd75/capsule_231x87.jpg?t=1730351188,https://store.steampowered.com/app/1449850/YuGiOh_Master_Duel?snr=1_7001_7005__7003,,22293,23178,"Card Game, Free to Play, Strategy, Trading Card Game, PvP, Multiplayer, Card Battler, Anime, Turn-Based Tactics, Simulation, Tactical, Singleplayer, eSports, Dragons, Fantasy, PvE, 3D, 2D, Great Soundtrack, Deckbuilding, +",Free,"['Card Game', 'Free to Play', 'Strategy', 'Trading Card Game', 'PvP', 'Multiplayer', 'Card Battler', 'Anime', 'Turn-Based Tactics', 'Simulation', 'Tactical', 'Singleplayer', 'eSports', 'Dragons', 'Fantasy', 'PvE', '3D', '2D', 'Great Soundtrack', 'Deckbuilding', '+']"
81,82,Russian Fishing 4,https://shared.cloudflare.steamstatic.com//store_item_assets/steam/apps/766570/capsule_231x87.jpg?t=1725868775,https://store.steampowered.com/app/766570/Russian_Fishing_4?snr=1_7001_7005__7003,,21909,21909,"Fishing, Free to Play, Multiplayer, Simulation, Nature, Realistic, Relaxing, First-Person, Crafting, Immersive Sim, Sports, Atmospheric, Singleplayer, Open World, Survival, Massively Multiplayer, Casual, Adventure, RPG, Family Friendly, +",Free,"['Fishing', 'Free to Play', 'Multiplayer', 'Simulation', 'Nature', 'Realistic', 'Relaxing', 'First-Person', 'Crafting', 'Immersive Sim', 'Sports', 'Atmospheric', 'Singleplayer', 'Open World', 'Survival', 'Massively Multiplayer', 'Casual', 'Adventure', 'RPG', 'Family Friendly', '+']"
82,83,Phasmophobia,https://shared.cloudflare.steamstatic.com//store_item_assets/steam/apps/739630/capsule_231x87.jpg?t=1727019976,https://store.steampowered.com/app/739630/Phasmophobia?snr=1_7001_7005__7003,16.75,21623,42571,"Horror, Online Co-Op, Multiplayer, Psychological Horror, Co-op, VR, Supernatural, First-Person, Investigation, Dark, Demons, Detective, Mystery, Thriller, 3D, Early Access, Indie, Action, Tactical, Singleplayer, +",Paid,"['Horror', 'Online Co-Op', 'Multiplayer', 'Psychological Horror', 'Co-op', 'VR', 'Supernatural', 'First-Person', 'Investigation', 'Dark', 'Demons', 'Detective', 'Mystery', 'Thriller', '3D', 'Early Access', 'Indie', 'Action', 'Tactical', 'Singleplayer', '+']"
83,84,S.T.A.L.K.E.R. 2: Heart of Chornobyl,https://shared.cloudflare.steamstatic.com//store_item_assets/steam/apps/1643320/ffcddbc0c191d569b783cd8534c64b3968abc2db/capsule_231x87.jpg?t=1736347671,https://store.steampowered.com/app/1643320/STALKER_2_Heart_of_Chornobyl?snr=1_7001_7005__7003,49.99,21478,23902,"Open World, FPS, Post-apocalyptic, Surival",Paid,"['Open World', 'FPS', 'Post-apocalyptic', 'Surival']"
84,85,BeamNG.drive,https://shared.cloudflare.steamstatic.com//store_item_assets/steam/apps/284160/capsule_231x87.jpg?t=1733838013,https://store.steampowered.com/app/284160/BeamNGdrive?snr=1_7001_7005__7003,19.2,21313,28260,"Simulation, Driving, Physics, Realistic, Destruction, Automobile Sim, Sandbox, Open World, Racing, Moddable, Multiplayer, Singleplayer, Early Access, First-Person, Third Person, Exploration, Funny, Action, Adventure, Flight, +",Paid,"['Simulation', 'Driving', 'Physics', 'Realistic', 'Destruction', 'Automobile Sim', 'Sandbox', 'Open World', 'Racing', 'Moddable', 'Multiplayer', 'Singleplayer', 'Early Access', 'First-Person', 'Third Person', 'Exploration', 'Funny', 'Action', 'Adventure', 'Flight', '+']"
85,86,Battlefield™ V,https://shared.cloudflare.steamstatic.com//store_item_assets/steam/apps/1238810/capsule_231x87.jpg?t=1730822762,https://store.steampowered.com/app/1238810/Battlefield_V?snr=1_7001_7005__7003,44.99,21288,22694,"FPS, Multiplayer, World War II, Singleplayer, Shooter, War, Military, First-Person, Massively Multiplayer, PvP, Combat, Open World, Action, Historical, Destruction, Battle Royale, Atmospheric, Violent, Sexual Content, Female Protagonist, +",Paid,"['FPS', 'Multiplayer', 'World War II', 'Singleplayer', 'Shooter', 'War', 'Military', 'First-Person', 'Massively Multiplayer', 'PvP', 'Combat', 'Open World', 'Action', 'Historical', 'Destruction', 'Battle Royale', 'Atmospheric', 'Violent', 'Sexual Content', 'Female Protagonist', '+']"
86,87,Eternal Return,https://shared.cloudflare.steamstatic.com//store_item_assets/steam/apps/1049590/8624d8e5a709a86d0dabf7dfdaf4d587ccf77052/capsule_231x87.jpg?t=1733388921,https://store.steampowered.com/app/1049590/Eternal_Return?snr=1_7001_7005__7003,,21182,21182,"Free to Play, Anime, Multiplayer, MOBA, Survival, PvP, Sexual Content, Combat, Top-Down, Action, Crafting, 3D, Strategy, Tactical, Character Customization, MMORPG, Indie, eSports, Point & Click, Real Time Tactics, +",Free,"['Free to Play', 'Anime', 'Multiplayer', 'MOBA', 'Survival', 'PvP', 'Sexual Content', 'Combat', 'Top-Down', 'Action', 'Crafting', '3D', 'Strategy', 'Tactical', 'Character Customization', 'MMORPG', 'Indie', 'eSports', 'Point & Click', 'Real Time Tactics', '+']"
87,88,Lethal Company,https://shared.cloudflare.steamstatic.com//store_item_assets/steam/apps/1966720/capsule_231x87.jpg?t=1723894859,https://store.steampowered.com/app/1966720/Lethal_Company?snr=1_7001_7005__7003,8.5,20511,27805,"Online Co-Op, Horror, First-Person, Co-op, Survival Horror, Exploration, Psychological Horror, Funny, Sci-fi, PvE, Atmospheric, Procedural Generation, Aliens, Time Management, Adventure, Dungeon Crawler, Action, Early Access, Action-Adventure, Perma Death, +",Paid,"['Online Co-Op', 'Horror', 'First-Person', 'Co-op', 'Survival Horror', 'Exploration', 'Psychological Horror', 'Funny', 'Sci-fi', 'PvE', 'Atmospheric', 'Procedural Generation', 'Aliens', 'Time Management', 'Adventure', 'Dungeon Crawler', 'Action', 'Early Access', 'Action-Adventure', 'Perma Death', '+']"
88,89,Destiny 2,https://shared.cloudflare.steamstatic.com//store_item_assets/steam/apps/1085660/capsule_231x87.jpg?t=1734467041,https://store.steampowered.com/app/1085660/Destiny_2?snr=1_7001_7005__7003,,20425,25154,"Free to Play, Open World, Looter Shooter, Multiplayer, FPS, MMORPG, Co-op, PvE, PvP, Shooter, Massively Multiplayer, Loot, First-Person, Sci-fi, Action, Adventure, Lore-Rich, Space, Competitive, Atmospheric, +",Free,"['Free to Play', 'Open World', 'Looter Shooter', 'Multiplayer', 'FPS', 'MMORPG', 'Co-op', 'PvE', 'PvP', 'Shooter', 'Massively Multiplayer', 'Loot', 'First-Person', 'Sci-fi', 'Action', 'Adventure', 'Lore-Rich', 'Space', 'Competitive', 'Atmospheric', '+']"
89,90,OBS Studio,https://shared.cloudflare.steamstatic.com//store_item_assets/steam/apps/1905180/capsule_231x87.jpg?t=1733595297,https://store.steampowered.com/app/1905180/OBS_Studio?snr=1_7001_7005__7003,,19856,20863,"Software, Video Production, Utilities, Free to Play, Audio Production, Web Publishing, Emotional, Psychedelic, Dark, Capitalism, Romance, Perma Death, Dark Humor, VR, Competitive, eSports, Dinosaurs, Realistic, Platformer, Fantasy, +",Free,"['Software', 'Video Production', 'Utilities', 'Free to Play', 'Audio Production', 'Web Publishing', 'Emotional', 'Psychedelic', 'Dark', 'Capitalism', 'Romance', 'Perma Death', 'Dark Humor', 'VR', 'Competitive', 'eSports', 'Dinosaurs', 'Realistic', 'Platformer', 'Fantasy', '+']"
90,91,鬼谷八荒 Tale of Immortal,https://shared.cloudflare.steamstatic.com//store_item_assets/steam/apps/1468810/capsule_231x87.jpg?t=1735812680,https://store.steampowered.com/app/1468810/_Tale_of_Immortal?snr=1_7001_7005__7003,15.49,19747,20129,"Management, Singleplayer, Simulation, Mythology, Tactical RPG, Sandbox, RPG, Choose Your Own Adventure, Dating Sim, Action, Adventure, Exploration, 2D, Hack and Slash, Story Rich, Action RPG, Procedural Generation, Hand-drawn, Action-Adventure, Strategy RPG, +",Paid,"['Management', 'Singleplayer', 'Simulation', 'Mythology', 'Tactical RPG', 'Sandbox', 'RPG', 'Choose Your Own Adventure', 'Dating Sim', 'Action', 'Adventure', 'Exploration', '2D', 'Hack and Slash', 'Story Rich', 'Action RPG', 'Procedural Generation', 'Hand-drawn', 'Action-Adventure', 'Strategy RPG', '+']"
91,92,Soundpad,https://shared.cloudflare.steamstatic.com//store_item_assets/steam/apps/629520/capsule_231x87.jpg?t=1729345861,https://store.steampowered.com/app/629520/Soundpad?snr=1_7001_7005__7003,4.29,19525,23991,"Utilities, Audio Production, Music, Software, NSFW, Mature, Dating Sim, Psychological, Singleplayer, Free to Play, +",Paid,"['Utilities', 'Audio Production', 'Music', 'Software', 'NSFW', 'Mature', 'Dating Sim', 'Psychological', 'Singleplayer', 'Free to Play', '+']"
92,93,MIR4,https://shared.cloudflare.steamstatic.com//store_item_assets/steam/apps/1623660/capsule_231x87.jpg?t=1720200587,https://store.steampowered.com/app/1623660/MIR4?snr=1_7001_7005__7003,,18950,18961,"PvE, MMORPG, PvP, RPG, Martial Arts, Demons, Open World, Action RPG, Action, Fantasy, Hunting, 3D, Trading, Massively Multiplayer, Third Person, War, Economy, Lore-Rich, Magic, Foreign, +",Free,"['PvE', 'MMORPG', 'PvP', 'RPG', 'Martial Arts', 'Demons', 'Open World', 'Action RPG', 'Action', 'Fantasy', 'Hunting', '3D', 'Trading', 'Massively Multiplayer', 'Third Person', 'War', 'Economy', 'Lore-Rich', 'Magic', 'Foreign', '+']"
93,94,Forza Horizon 5,https://shared.cloudflare.steamstatic.com//store_item_assets/steam/apps/1551360/capsule_231x87.jpg?t=1730830713,https://store.steampowered.com/app/1551360/Forza_Horizon_5?snr=1_7001_7005__7003,49.99,18300,19100,"Racing, Open World, Driving, Multiplayer, Automobile Sim, Realistic, Simulation, Adventure, Arcade, Exploration, First-Person, Co-op, PvP, Sports, Atmospheric, Online Co-Op, Singleplayer, Beautiful, VR, Action, +",Paid,"['Racing', 'Open World', 'Driving', 'Multiplayer', 'Automobile Sim', 'Realistic', 'Simulation', 'Adventure', 'Arcade', 'Exploration', 'First-Person', 'Co-op', 'PvP', 'Sports', 'Atmospheric', 'Online Co-Op', 'Singleplayer', 'Beautiful', 'VR', 'Action', '+']"
94,95,Slay the Spire,https://shared.cloudflare.steamstatic.com//store_item_assets/steam/apps/646570/capsule_231x87.jpg?t=1732020340,https://store.steampowered.com/app/646570/Slay_the_Spire?snr=1_7001_7005__7003,19.99,17976,18767,"Roguelike Deckbuilder, Card Game, Card Battler, Roguelike, Deckbuilding, Turn-Based, Strategy, Singleplayer, Roguelite, Replay Value, Indie, Difficult, Dungeon Crawler, RPG, Mouse only, 2D, Great Soundtrack, Procedural Generation, Fantasy, Casual, +",Paid,"['Roguelike Deckbuilder', 'Card Game', 'Card Battler', 'Roguelike', 'Deckbuilding', 'Turn-Based', 'Strategy', 'Singleplayer', 'Roguelite', 'Replay Value', 'Indie', 'Difficult', 'Dungeon Crawler', 'RPG', 'Mouse only', '2D', 'Great Soundtrack', 'Procedural Generation', 'Fantasy', 'Casual', '+']"
95,96,Sid Meier's Civilization® V,https://shared.cloudflare.steamstatic.com//store_item_assets/steam/apps/8930/capsule_231x87.jpg?t=1724341158,https://store.steampowered.com/app/8930/Sid_Meiers_Civilization_V?snr=1_7001_7005__7003,19.99,17916,21754,"Turn-Based Strategy, Strategy, Turn-Based, Multiplayer, Historical, 4X, Addictive, Singleplayer, Hex Grid, Grand Strategy, Replay Value, Co-op, Economy, Tactical, Diplomacy, Moddable, Simulation, Classic, Great Soundtrack, Touch-Friendly, +",Paid,"['Turn-Based Strategy', 'Strategy', 'Turn-Based', 'Multiplayer', 'Historical', '4X', 'Addictive', 'Singleplayer', 'Hex Grid', 'Grand Strategy', 'Replay Value', 'Co-op', 'Economy', 'Tactical', 'Diplomacy', 'Moddable', 'Simulation', 'Classic', 'Great Soundtrack', 'Touch-Friendly', '+']"
96,97,Counter-Strike,https://shared.cloudflare.steamstatic.com//store_item_assets/steam/apps/10/capsule_231x87.jpg?t=1729702322,https://store.steampowered.com/app/10/CounterStrike?snr=1_7001_7005__7003,7.19,17900,19275,"Action, FPS, Multiplayer, Shooter, Classic, Team-Based, First-Person, Competitive, Tactical, 1990's, eSports, PvP, Old School, Military, Strategy, Survival, Score Attack, 1980s, Assassin, Nostalgia, +",Paid,"['Action', 'FPS', 'Multiplayer', 'Shooter', 'Classic', 'Team-Based', 'First-Person', 'Competitive', 'Tactical', ""1990's"", 'eSports', 'PvP', 'Old School', 'Military', 'Strategy', 'Survival', 'Score Attack', '1980s', 'Assassin', 'Nostalgia', '+']"
97,98,Cities: Skylines,https://shared.cloudflare.steamstatic.com//store_item_assets/steam/apps/255710/4cf458b43b41e4f86d3e4e604e7a7577c7926b01/capsule_231x87.jpg?t=1735836158,https://store.steampowered.com/app/255710/Cities_Skylines?snr=1_7001_7005__7003,24.99,17866,18067,"City Builder, Simulation, Building, Management, Strategy, Sandbox, Singleplayer, Moddable, Economy, Resource Management, Mod, Realistic, Replay Value, Casual, Modern, Real-Time with Pause, Family Friendly, Great Soundtrack, Funny, Action, +",Paid,"['City Builder', 'Simulation', 'Building', 'Management', 'Strategy', 'Sandbox', 'Singleplayer', 'Moddable', 'Economy', 'Resource Management', 'Mod', 'Realistic', 'Replay Value', 'Casual', 'Modern', 'Real-Time with Pause', 'Family Friendly', 'Great Soundtrack', 'Funny', 'Action', '+']"
98,99,Fallout 4,https://shared.cloudflare.steamstatic.com//store_item_assets/steam/apps/377160/capsule_231x87.jpg?t=1726758475,https://store.steampowered.com/app/377160/Fallout_4?snr=1_7001_7005__7003,15.99,17009,20939,"Open World, Post-apocalyptic, Singleplayer, RPG",Paid,"['Open World', 'Post-apocalyptic', 'Singleplayer', 'RPG']"
99,100,Unturned,https://shared.cloudflare.steamstatic.com//store_item_assets/steam/apps/304930/capsule_231x87.jpg?t=1734630748,https://store.steampowered.com/app/304930/Unturned?snr=1_7001_7005__7003,,16976,18080,"Free to Play, Survival, Zombies, Multiplayer, Open World, Co-op, Sandbox, Crafting, Shooter, Adventure, Post-apocalyptic, First-Person, Looter Shooter, Singleplayer, FPS, Action, Massively Multiplayer, Indie, Atmospheric, Casual, +",Free,"['Free to Play', 'Survival', 'Zombies', 'Multiplayer', 'Open World', 'Co-op', 'Sandbox', 'Crafting', 'Shooter', 'Adventure', 'Post-apocalyptic', 'First-Person', 'Looter Shooter', 'Singleplayer', 'FPS', 'Action', 'Massively Multiplayer', 'Indie', 'Atmospheric', 'Casual', '+']"
